filename,subject,issuer,algorithm,level,type,codename,pen_oid,provider,notes
sanctum_cygnet_attest_classical_p256_01.der,CYGNET-CLASSICAL-L1-ATTEST | Sanctum SecOps LLC,CYGNET-CLASSICAL-L1-ROOT | Sanctum SecOps LLC,ecdsa-with-SHA256,L1,ATTEST,CYGNET-CLASSICAL-L1-ATTEST,1.3.6.1.4.1.65953.2.6,Sanctum SecOps LLC,Hardware-bound PIV | PEN 1.3.6.1.4.1.65953
sanctum_cygnet_bridge_classical_p256_01.der,CYGNET-CLASSICAL-L1-BRIDGE | Sanctum SecOps LLC,CYGNET-CLASSICAL-L1-ROOT | Sanctum SecOps LLC,ecdsa-with-SHA256,L1,BRIDGE,CYGNET-CLASSICAL-L1-BRIDGE,1.3.6.1.4.1.65953.2.6,Sanctum SecOps LLC,Hardware-bound PIV | PEN 1.3.6.1.4.1.65953
sanctum_cygnet_client_classical_p256_01.der,CYGNET-CLASSICAL-L1-CLI | Sanctum SecOps LLC,CYGNET-CLASSICAL-L1-ROOT | Sanctum SecOps LLC,ecdsa-with-SHA256,L1,CLI,CYGNET-CLASSICAL-L1-CLI,1.3.6.1.4.1.65953.2.6,Sanctum SecOps LLC,Hardware-bound PIV | PEN 1.3.6.1.4.1.65953
sanctum_cygnet_dev_classical_p256_01.der,CYGNET-CLASSICAL-L1-DEV | Sanctum SecOps LLC,CYGNET-CLASSICAL-L1-ROOT | Sanctum SecOps LLC,ecdsa-with-SHA256,L1,DEV,CYGNET-CLASSICAL-L1-DEV,1.3.6.1.4.1.65953.2.6,Sanctum SecOps LLC,Hardware-bound PIV | PEN 1.3.6.1.4.1.65953
sanctum_cygnet_issuingca_classical_p256_01.der,CYGNET-CLASSICAL-L1-ISCA | Sanctum SecOps LLC,CYGNET-CLASSICAL-L1-ROOT | Sanctum SecOps LLC,ecdsa-with-SHA256,L1,ISCA,CYGNET-CLASSICAL-L1-ISCA,1.3.6.1.4.1.65953.2.6,Sanctum SecOps LLC,Hardware-bound PIV | PEN 1.3.6.1.4.1.65953
sanctum_cygnet_ocsp_classical_p256_01.der,CYGNET-CLASSICAL-L1-OCSP | Sanctum SecOps LLC,CYGNET-CLASSICAL-L1-ROOT | Sanctum SecOps LLC,ecdsa-with-SHA256,L1,OCSP,CYGNET-CLASSICAL-L1-OCSP,1.3.6.1.4.1.65953.2.6,Sanctum SecOps LLC,Hardware-bound PIV | PEN 1.3.6.1.4.1.65953
sanctum_cygnet_rootca_classical_p256_01.der,CYGNET-CLASSICAL-L1-ROOT | Sanctum SecOps LLC,CYGNET-CLASSICAL-L1-ROOT | Sanctum SecOps LLC,ecdsa-with-SHA256,L1,ROOT,CYGNET-CLASSICAL-L1-ROOT,1.3.6.1.4.1.65953.2.6,Sanctum SecOps LLC,Hardware-bound PIV | PEN 1.3.6.1.4.1.65953
sanctum_cygnet_rootca_classical_rsa2048_01.der,CYGNET-CLASSICAL-RSA-L1-ROOT | Sanctum SecOps LLC,CYGNET-CLASSICAL-L1-ROOT | Sanctum SecOps LLC,sha256WithRSAEncryption,RSA,ROOT,CYGNET-CLASSICAL-RSA-L1-ROOT,1.3.6.1.4.1.65953.2.6,Sanctum SecOps LLC,Hardware-bound PIV | PEN 1.3.6.1.4.1.65953
sanctum_cygnet_scep_classical_p256_01.der,CYGNET-CLASSICAL-L1-SCEP | Sanctum SecOps LLC,CYGNET-CLASSICAL-L1-ROOT | Sanctum SecOps LLC,ecdsa-with-SHA256,L1,SCEP,CYGNET-CLASSICAL-L1-SCEP,1.3.6.1.4.1.65953.2.6,Sanctum SecOps LLC,Hardware-bound PIV | PEN 1.3.6.1.4.1.65953
sanctum_cygnet_sign_classical_p256_01.der,CYGNET-CLASSICAL-L1-SIGN | Sanctum SecOps LLC,CYGNET-CLASSICAL-L1-ROOT | Sanctum SecOps LLC,ecdsa-with-SHA256,L1,SIGN,CYGNET-CLASSICAL-L1-SIGN,1.3.6.1.4.1.65953.2.6,Sanctum SecOps LLC,Hardware-bound PIV | PEN 1.3.6.1.4.1.65953
sanctum_cygnet_tls_classical_p256_01.der,CYGNET-CLASSICAL-L1-TLS | Sanctum SecOps LLC,CYGNET-CLASSICAL-L1-ROOT | Sanctum SecOps LLC,ecdsa-with-SHA256,L1,TLS,CYGNET-CLASSICAL-L1-TLS,1.3.6.1.4.1.65953.2.6,Sanctum SecOps LLC,Hardware-bound PIV | PEN 1.3.6.1.4.1.65953
sanctum_cygnet_tls_classical_rsa2048_01.der,CYGNET-CLASSICAL-RSA-L1-TLS | Sanctum SecOps LLC,CYGNET-CLASSICAL-L1-ROOT | Sanctum SecOps LLC,sha256WithRSAEncryption,RSA,TLS,CYGNET-CLASSICAL-RSA-L1-TLS,1.3.6.1.4.1.65953.2.6,Sanctum SecOps LLC,Hardware-bound PIV | PEN 1.3.6.1.4.1.65953
sanctum_cygnet_attest_fndsa1024-p384_01.der,CYGNET-SENTINEL-FN-HI-L4-ATTEST | Sanctum SecOps LLC,CYGNET-CLASSICAL-L1-ROOT | Sanctum SecOps LLC,id-FNDSA1024-ECDSA-P384,FN,ATTEST,CYGNET-SENTINEL-FN-HI-L4-ATTEST,1.3.6.1.4.1.65953.2.6,Sanctum SecOps LLC,Hardware-bound PIV | PEN 1.3.6.1.4.1.65953
sanctum_cygnet_bridge_fndsa1024-p384_01.der,CYGNET-SENTINEL-FN-HI-L4-BRIDGE | Sanctum SecOps LLC,CYGNET-CLASSICAL-L1-ROOT | Sanctum SecOps LLC,id-FNDSA1024-ECDSA-P384,FN,BRIDGE,CYGNET-SENTINEL-FN-HI-L4-BRIDGE,1.3.6.1.4.1.65953.2.6,Sanctum SecOps LLC,Hardware-bound PIV | PEN 1.3.6.1.4.1.65953
sanctum_cygnet_client_fndsa1024-p384_01.der,CYGNET-SENTINEL-FN-HI-L4-CLI | Sanctum SecOps LLC,CYGNET-CLASSICAL-L1-ROOT | Sanctum SecOps LLC,id-FNDSA1024-ECDSA-P384,FN,CLI,CYGNET-SENTINEL-FN-HI-L4-CLI,1.3.6.1.4.1.65953.2.6,Sanctum SecOps LLC,Hardware-bound PIV | PEN 1.3.6.1.4.1.65953
sanctum_cygnet_issuingca_fndsa1024-p384_01.der,CYGNET-SENTINEL-FN-HI-L4-ISCA | Sanctum SecOps LLC,CYGNET-CLASSICAL-L1-ROOT | Sanctum SecOps LLC,id-FNDSA1024-ECDSA-P384,FN,ISCA,CYGNET-SENTINEL-FN-HI-L4-ISCA,1.3.6.1.4.1.65953.2.6,Sanctum SecOps LLC,Hardware-bound PIV | PEN 1.3.6.1.4.1.65953
sanctum_cygnet_ocsp_fndsa1024-p384_01.der,CYGNET-SENTINEL-FN-HI-L4-OCSP | Sanctum SecOps LLC,CYGNET-CLASSICAL-L1-ROOT | Sanctum SecOps LLC,id-FNDSA1024-ECDSA-P384,FN,OCSP,CYGNET-SENTINEL-FN-HI-L4-OCSP,1.3.6.1.4.1.65953.2.6,Sanctum SecOps LLC,Hardware-bound PIV | PEN 1.3.6.1.4.1.65953
sanctum_cygnet_rootca_fndsa1024-p384_01.der,CYGNET-SENTINEL-FN-HI-L4-ROOT | Sanctum SecOps LLC,CYGNET-CLASSICAL-L1-ROOT | Sanctum SecOps LLC,id-FNDSA1024-ECDSA-P384,FN,ROOT,CYGNET-SENTINEL-FN-HI-L4-ROOT,1.3.6.1.4.1.65953.2.6,Sanctum SecOps LLC,Hardware-bound PIV | PEN 1.3.6.1.4.1.65953
sanctum_cygnet_sign_fndsa1024-p384_01.der,CYGNET-SENTINEL-FN-HI-L4-SIGN | Sanctum SecOps LLC,CYGNET-CLASSICAL-L1-ROOT | Sanctum SecOps LLC,id-FNDSA1024-ECDSA-P384,FN,SIGN,CYGNET-SENTINEL-FN-HI-L4-SIGN,1.3.6.1.4.1.65953.2.6,Sanctum SecOps LLC,Hardware-bound PIV | PEN 1.3.6.1.4.1.65953
sanctum_cygnet_tls_fndsa1024-p384_01.der,CYGNET-SENTINEL-FN-HI-L4-TLS | Sanctum SecOps LLC,CYGNET-CLASSICAL-L1-ROOT | Sanctum SecOps LLC,id-FNDSA1024-ECDSA-P384,FN,TLS,CYGNET-SENTINEL-FN-HI-L4-TLS,1.3.6.1.4.1.65953.2.6,Sanctum SecOps LLC,Hardware-bound PIV | PEN 1.3.6.1.4.1.65953
sanctum_cygnet_attest_fndsa512-p256_01.der,CYGNET-SENTINEL-FN-L4-ATTEST | Sanctum SecOps LLC,CYGNET-CLASSICAL-L1-ROOT | Sanctum SecOps LLC,id-FNDSA512-ECDSA-P256,FN,ATTEST,CYGNET-SENTINEL-FN-L4-ATTEST,1.3.6.1.4.1.65953.2.6,Sanctum SecOps LLC,Hardware-bound PIV | PEN 1.3.6.1.4.1.65953
sanctum_cygnet_bridge_fndsa512-p256_01.der,CYGNET-SENTINEL-FN-L4-BRIDGE | Sanctum SecOps LLC,CYGNET-CLASSICAL-L1-ROOT | Sanctum SecOps LLC,id-FNDSA512-ECDSA-P256,FN,BRIDGE,CYGNET-SENTINEL-FN-L4-BRIDGE,1.3.6.1.4.1.65953.2.6,Sanctum SecOps LLC,Hardware-bound PIV | PEN 1.3.6.1.4.1.65953
sanctum_cygnet_client_fndsa512-p256_01.der,CYGNET-SENTINEL-FN-L4-CLI | Sanctum SecOps LLC,CYGNET-CLASSICAL-L1-ROOT | Sanctum SecOps LLC,id-FNDSA512-ECDSA-P256,FN,CLI,CYGNET-SENTINEL-FN-L4-CLI,1.3.6.1.4.1.65953.2.6,Sanctum SecOps LLC,Hardware-bound PIV | PEN 1.3.6.1.4.1.65953
sanctum_cygnet_issuingca_fndsa512-p256_01.der,CYGNET-SENTINEL-FN-L4-ISCA | Sanctum SecOps LLC,CYGNET-CLASSICAL-L1-ROOT | Sanctum SecOps LLC,id-FNDSA512-ECDSA-P256,FN,ISCA,CYGNET-SENTINEL-FN-L4-ISCA,1.3.6.1.4.1.65953.2.6,Sanctum SecOps LLC,Hardware-bound PIV | PEN 1.3.6.1.4.1.65953
sanctum_cygnet_ocsp_fndsa512-p256_01.der,CYGNET-SENTINEL-FN-L4-OCSP | Sanctum SecOps LLC,CYGNET-CLASSICAL-L1-ROOT | Sanctum SecOps LLC,id-FNDSA512-ECDSA-P256,FN,OCSP,CYGNET-SENTINEL-FN-L4-OCSP,1.3.6.1.4.1.65953.2.6,Sanctum SecOps LLC,Hardware-bound PIV | PEN 1.3.6.1.4.1.65953
sanctum_cygnet_rootca_fndsa512-p256_01.der,CYGNET-SENTINEL-FN-L4-ROOT | Sanctum SecOps LLC,CYGNET-CLASSICAL-L1-ROOT | Sanctum SecOps LLC,id-FNDSA512-ECDSA-P256,FN,ROOT,CYGNET-SENTINEL-FN-L4-ROOT,1.3.6.1.4.1.65953.2.6,Sanctum SecOps LLC,Hardware-bound PIV | PEN 1.3.6.1.4.1.65953
sanctum_cygnet_sign_fndsa512-p256_01.der,CYGNET-SENTINEL-FN-L4-SIGN | Sanctum SecOps LLC,CYGNET-CLASSICAL-L1-ROOT | Sanctum SecOps LLC,id-FNDSA512-ECDSA-P256,FN,SIGN,CYGNET-SENTINEL-FN-L4-SIGN,1.3.6.1.4.1.65953.2.6,Sanctum SecOps LLC,Hardware-bound PIV | PEN 1.3.6.1.4.1.65953
sanctum_cygnet_tls_fndsa512-p256_01.der,CYGNET-SENTINEL-FN-L4-TLS | Sanctum SecOps LLC,CYGNET-CLASSICAL-L1-ROOT | Sanctum SecOps LLC,id-FNDSA512-ECDSA-P256,FN,TLS,CYGNET-SENTINEL-FN-L4-TLS,1.3.6.1.4.1.65953.2.6,Sanctum SecOps LLC,Hardware-bound PIV | PEN 1.3.6.1.4.1.65953
sanctum_cygnet_attest_mldsa44-p256_01.der,CYGNET-BRIDGE-L2-ATTEST | Sanctum SecOps LLC,CYGNET-CLASSICAL-L1-ROOT | Sanctum SecOps LLC,id-MLDSA44-ECDSA-P256,L2,ATTEST,CYGNET-BRIDGE-L2-ATTEST,1.3.6.1.4.1.65953.2.6,Sanctum SecOps LLC,Hardware-bound PIV | PEN 1.3.6.1.4.1.65953
sanctum_cygnet_bridge_mldsa44-p256_01.der,CYGNET-BRIDGE-L2-BRIDGE | Sanctum SecOps LLC,CYGNET-CLASSICAL-L1-ROOT | Sanctum SecOps LLC,id-MLDSA44-ECDSA-P256,L2,BRIDGE,CYGNET-BRIDGE-L2-BRIDGE,1.3.6.1.4.1.65953.2.6,Sanctum SecOps LLC,Hardware-bound PIV | PEN 1.3.6.1.4.1.65953
sanctum_cygnet_client_mldsa44-p256_01.der,CYGNET-BRIDGE-L2-CLI | Sanctum SecOps LLC,CYGNET-CLASSICAL-L1-ROOT | Sanctum SecOps LLC,id-MLDSA44-ECDSA-P256,L2,CLI,CYGNET-BRIDGE-L2-CLI,1.3.6.1.4.1.65953.2.6,Sanctum SecOps LLC,Hardware-bound PIV | PEN 1.3.6.1.4.1.65953
sanctum_cygnet_issuingca_mldsa44-p256_01.der,CYGNET-BRIDGE-L2-ISCA | Sanctum SecOps LLC,CYGNET-CLASSICAL-L1-ROOT | Sanctum SecOps LLC,id-MLDSA44-ECDSA-P256,L2,ISCA,CYGNET-BRIDGE-L2-ISCA,1.3.6.1.4.1.65953.2.6,Sanctum SecOps LLC,Hardware-bound PIV | PEN 1.3.6.1.4.1.65953
sanctum_cygnet_ocsp_mldsa44-p256_01.der,CYGNET-BRIDGE-L2-OCSP | Sanctum SecOps LLC,CYGNET-CLASSICAL-L1-ROOT | Sanctum SecOps LLC,id-MLDSA44-ECDSA-P256,L2,OCSP,CYGNET-BRIDGE-L2-OCSP,1.3.6.1.4.1.65953.2.6,Sanctum SecOps LLC,Hardware-bound PIV | PEN 1.3.6.1.4.1.65953
sanctum_cygnet_rootca_mldsa44-p256_01.der,CYGNET-BRIDGE-L2-ROOT | Sanctum SecOps LLC,CYGNET-CLASSICAL-L1-ROOT | Sanctum SecOps LLC,id-MLDSA44-ECDSA-P256,L2,ROOT,CYGNET-BRIDGE-L2-ROOT,1.3.6.1.4.1.65953.2.6,Sanctum SecOps LLC,Hardware-bound PIV | PEN 1.3.6.1.4.1.65953
sanctum_cygnet_sign_mldsa44-p256_01.der,CYGNET-BRIDGE-L2-SIGN | Sanctum SecOps LLC,CYGNET-CLASSICAL-L1-ROOT | Sanctum SecOps LLC,id-MLDSA44-ECDSA-P256,L2,SIGN,CYGNET-BRIDGE-L2-SIGN,1.3.6.1.4.1.65953.2.6,Sanctum SecOps LLC,Hardware-bound PIV | PEN 1.3.6.1.4.1.65953
sanctum_cygnet_tls_mldsa44-p256_01.der,CYGNET-BRIDGE-L2-TLS | Sanctum SecOps LLC,CYGNET-CLASSICAL-L1-ROOT | Sanctum SecOps LLC,id-MLDSA44-ECDSA-P256,L2,TLS,CYGNET-BRIDGE-L2-TLS,1.3.6.1.4.1.65953.2.6,Sanctum SecOps LLC,Hardware-bound PIV | PEN 1.3.6.1.4.1.65953
sanctum_cygnet_attest_mldsa65-ed25519_01.der,CYGNET-SOVEREIGN-L3-ATTEST | Sanctum SecOps LLC,CYGNET-CLASSICAL-L1-ROOT | Sanctum SecOps LLC,id-MLDSA65-Ed25519,L3,ATTEST,CYGNET-SOVEREIGN-L3-ATTEST,1.3.6.1.4.1.65953.2.6,Sanctum SecOps LLC,Hardware-bound PIV | PEN 1.3.6.1.4.1.65953
sanctum_cygnet_bridge_mldsa65-ed25519_01.der,CYGNET-SOVEREIGN-L3-BRIDGE | Sanctum SecOps LLC,CYGNET-CLASSICAL-L1-ROOT | Sanctum SecOps LLC,id-MLDSA65-Ed25519,L3,BRIDGE,CYGNET-SOVEREIGN-L3-BRIDGE,1.3.6.1.4.1.65953.2.6,Sanctum SecOps LLC,Hardware-bound PIV | PEN 1.3.6.1.4.1.65953
sanctum_cygnet_client_mldsa65-ed25519_01.der,CYGNET-SOVEREIGN-L3-CLI | Sanctum SecOps LLC,CYGNET-CLASSICAL-L1-ROOT | Sanctum SecOps LLC,id-MLDSA65-Ed25519,L3,CLI,CYGNET-SOVEREIGN-L3-CLI,1.3.6.1.4.1.65953.2.6,Sanctum SecOps LLC,Hardware-bound PIV | PEN 1.3.6.1.4.1.65953
sanctum_cygnet_issuingca_mldsa65-ed25519_01.der,CYGNET-SOVEREIGN-L3-ISCA | Sanctum SecOps LLC,CYGNET-CLASSICAL-L1-ROOT | Sanctum SecOps LLC,id-MLDSA65-Ed25519,L3,ISCA,CYGNET-SOVEREIGN-L3-ISCA,1.3.6.1.4.1.65953.2.6,Sanctum SecOps LLC,Hardware-bound PIV | PEN 1.3.6.1.4.1.65953
sanctum_cygnet_ocsp_mldsa65-ed25519_01.der,CYGNET-SOVEREIGN-L3-OCSP | Sanctum SecOps LLC,CYGNET-CLASSICAL-L1-ROOT | Sanctum SecOps LLC,id-MLDSA65-Ed25519,L3,OCSP,CYGNET-SOVEREIGN-L3-OCSP,1.3.6.1.4.1.65953.2.6,Sanctum SecOps LLC,Hardware-bound PIV | PEN 1.3.6.1.4.1.65953
sanctum_cygnet_rootca_mldsa65-ed25519_01.der,CYGNET-SOVEREIGN-L3-ROOT | Sanctum SecOps LLC,CYGNET-CLASSICAL-L1-ROOT | Sanctum SecOps LLC,id-MLDSA65-Ed25519,L3,ROOT,CYGNET-SOVEREIGN-L3-ROOT,1.3.6.1.4.1.65953.2.6,Sanctum SecOps LLC,Hardware-bound PIV | PEN 1.3.6.1.4.1.65953
sanctum_cygnet_sign_mldsa65-ed25519_01.der,CYGNET-SOVEREIGN-L3-SIGN | Sanctum SecOps LLC,CYGNET-CLASSICAL-L1-ROOT | Sanctum SecOps LLC,id-MLDSA65-Ed25519,L3,SIGN,CYGNET-SOVEREIGN-L3-SIGN,1.3.6.1.4.1.65953.2.6,Sanctum SecOps LLC,Hardware-bound PIV | PEN 1.3.6.1.4.1.65953
sanctum_cygnet_tls_mldsa65-ed25519_01.der,CYGNET-SOVEREIGN-L3-TLS | Sanctum SecOps LLC,CYGNET-CLASSICAL-L1-ROOT | Sanctum SecOps LLC,id-MLDSA65-Ed25519,L3,TLS,CYGNET-SOVEREIGN-L3-TLS,1.3.6.1.4.1.65953.2.6,Sanctum SecOps LLC,Hardware-bound PIV | PEN 1.3.6.1.4.1.65953
sanctum_cygnet_attest_mldsa65-p384_01.der,CYGNET-SENTINEL-L4-ATTEST | Sanctum SecOps LLC,CYGNET-CLASSICAL-L1-ROOT | Sanctum SecOps LLC,id-MLDSA65-ECDSA-P384,L4,ATTEST,CYGNET-SENTINEL-L4-ATTEST,1.3.6.1.4.1.65953.2.6,Sanctum SecOps LLC,Hardware-bound PIV | PEN 1.3.6.1.4.1.65953
sanctum_cygnet_bridge_mldsa65-p384_01.der,CYGNET-SENTINEL-L4-BRIDGE | Sanctum SecOps LLC,CYGNET-CLASSICAL-L1-ROOT | Sanctum SecOps LLC,id-MLDSA65-ECDSA-P384,L4,BRIDGE,CYGNET-SENTINEL-L4-BRIDGE,1.3.6.1.4.1.65953.2.6,Sanctum SecOps LLC,Hardware-bound PIV | PEN 1.3.6.1.4.1.65953
sanctum_cygnet_client_mldsa65-p384_01.der,CYGNET-SENTINEL-L4-CLI | Sanctum SecOps LLC,CYGNET-CLASSICAL-L1-ROOT | Sanctum SecOps LLC,id-MLDSA65-ECDSA-P384,L4,CLI,CYGNET-SENTINEL-L4-CLI,1.3.6.1.4.1.65953.2.6,Sanctum SecOps LLC,Hardware-bound PIV | PEN 1.3.6.1.4.1.65953
sanctum_cygnet_issuingca_mldsa65-p384_01.der,CYGNET-SENTINEL-L4-ISCA | Sanctum SecOps LLC,CYGNET-CLASSICAL-L1-ROOT | Sanctum SecOps LLC,id-MLDSA65-ECDSA-P384,L4,ISCA,CYGNET-SENTINEL-L4-ISCA,1.3.6.1.4.1.65953.2.6,Sanctum SecOps LLC,Hardware-bound PIV | PEN 1.3.6.1.4.1.65953
sanctum_cygnet_ocsp_mldsa65-p384_01.der,CYGNET-SENTINEL-L4-OCSP | Sanctum SecOps LLC,CYGNET-CLASSICAL-L1-ROOT | Sanctum SecOps LLC,id-MLDSA65-ECDSA-P384,L4,OCSP,CYGNET-SENTINEL-L4-OCSP,1.3.6.1.4.1.65953.2.6,Sanctum SecOps LLC,Hardware-bound PIV | PEN 1.3.6.1.4.1.65953
sanctum_cygnet_rootca_mldsa65-p384_01.der,CYGNET-SENTINEL-L4-ROOT | Sanctum SecOps LLC,CYGNET-CLASSICAL-L1-ROOT | Sanctum SecOps LLC,id-MLDSA65-ECDSA-P384,L4,ROOT,CYGNET-SENTINEL-L4-ROOT,1.3.6.1.4.1.65953.2.6,Sanctum SecOps LLC,Hardware-bound PIV | PEN 1.3.6.1.4.1.65953
sanctum_cygnet_sign_mldsa65-p384_01.der,CYGNET-SENTINEL-L4-SIGN | Sanctum SecOps LLC,CYGNET-CLASSICAL-L1-ROOT | Sanctum SecOps LLC,id-MLDSA65-ECDSA-P384,L4,SIGN,CYGNET-SENTINEL-L4-SIGN,1.3.6.1.4.1.65953.2.6,Sanctum SecOps LLC,Hardware-bound PIV | PEN 1.3.6.1.4.1.65953
sanctum_cygnet_tls_mldsa65-p384_01.der,CYGNET-SENTINEL-L4-TLS | Sanctum SecOps LLC,CYGNET-CLASSICAL-L1-ROOT | Sanctum SecOps LLC,id-MLDSA65-ECDSA-P384,L4,TLS,CYGNET-SENTINEL-L4-TLS,1.3.6.1.4.1.65953.2.6,Sanctum SecOps LLC,Hardware-bound PIV | PEN 1.3.6.1.4.1.65953
sanctum_cygnet_attest_mldsa87-p384_01.der,CYGNET-APEX-L5-ATTEST | Sanctum SecOps LLC,CYGNET-CLASSICAL-L1-ROOT | Sanctum SecOps LLC,id-MLDSA87-ECDSA-P384,L5,ATTEST,CYGNET-APEX-L5-ATTEST,1.3.6.1.4.1.65953.2.6,Sanctum SecOps LLC,Hardware-bound PIV | PEN 1.3.6.1.4.1.65953
sanctum_cygnet_bridge_mldsa87-p384_01.der,CYGNET-APEX-L5-BRIDGE | Sanctum SecOps LLC,CYGNET-CLASSICAL-L1-ROOT | Sanctum SecOps LLC,id-MLDSA87-ECDSA-P384,L5,BRIDGE,CYGNET-APEX-L5-BRIDGE,1.3.6.1.4.1.65953.2.6,Sanctum SecOps LLC,Hardware-bound PIV | PEN 1.3.6.1.4.1.65953
sanctum_cygnet_client_mldsa87-p384_01.der,CYGNET-APEX-L5-CLI | Sanctum SecOps LLC,CYGNET-CLASSICAL-L1-ROOT | Sanctum SecOps LLC,id-MLDSA87-ECDSA-P384,L5,CLI,CYGNET-APEX-L5-CLI,1.3.6.1.4.1.65953.2.6,Sanctum SecOps LLC,Hardware-bound PIV | PEN 1.3.6.1.4.1.65953
sanctum_cygnet_issuingca_mldsa87-p384_01.der,CYGNET-APEX-L5-ISCA | Sanctum SecOps LLC,CYGNET-CLASSICAL-L1-ROOT | Sanctum SecOps LLC,id-MLDSA87-ECDSA-P384,L5,ISCA,CYGNET-APEX-L5-ISCA,1.3.6.1.4.1.65953.2.6,Sanctum SecOps LLC,Hardware-bound PIV | PEN 1.3.6.1.4.1.65953
sanctum_cygnet_ocsp_mldsa87-p384_01.der,CYGNET-APEX-L5-OCSP | Sanctum SecOps LLC,CYGNET-CLASSICAL-L1-ROOT | Sanctum SecOps LLC,id-MLDSA87-ECDSA-P384,L5,OCSP,CYGNET-APEX-L5-OCSP,1.3.6.1.4.1.65953.2.6,Sanctum SecOps LLC,Hardware-bound PIV | PEN 1.3.6.1.4.1.65953
sanctum_cygnet_rootca_mldsa87-p384_01.der,CYGNET-APEX-L5-ROOT | Sanctum SecOps LLC,CYGNET-CLASSICAL-L1-ROOT | Sanctum SecOps LLC,id-MLDSA87-ECDSA-P384,L5,ROOT,CYGNET-APEX-L5-ROOT,1.3.6.1.4.1.65953.2.6,Sanctum SecOps LLC,Hardware-bound PIV | PEN 1.3.6.1.4.1.65953
sanctum_cygnet_sign_mldsa87-p384_01.der,CYGNET-APEX-L5-SIGN | Sanctum SecOps LLC,CYGNET-CLASSICAL-L1-ROOT | Sanctum SecOps LLC,id-MLDSA87-ECDSA-P384,L5,SIGN,CYGNET-APEX-L5-SIGN,1.3.6.1.4.1.65953.2.6,Sanctum SecOps LLC,Hardware-bound PIV | PEN 1.3.6.1.4.1.65953
sanctum_cygnet_tls_mldsa87-p384_01.der,CYGNET-APEX-L5-TLS | Sanctum SecOps LLC,CYGNET-CLASSICAL-L1-ROOT | Sanctum SecOps LLC,id-MLDSA87-ECDSA-P384,L5,TLS,CYGNET-APEX-L5-TLS,1.3.6.1.4.1.65953.2.6,Sanctum SecOps LLC,Hardware-bound PIV | PEN 1.3.6.1.4.1.65953
sanctum_cygnet_attest_mldsa87-rsa3072_01.der,CYGNET-APEX-L5-ATTEST | Sanctum SecOps LLC,CYGNET-CLASSICAL-L1-ROOT | Sanctum SecOps LLC,id-MLDSA87-RSA3072,L5,ATTEST,CYGNET-APEX-L5-ATTEST,1.3.6.1.4.1.65953.2.6,Sanctum SecOps LLC,Hardware-bound PIV | PEN 1.3.6.1.4.1.65953
sanctum_cygnet_bridge_mldsa87-rsa3072_01.der,CYGNET-APEX-L5-BRIDGE | Sanctum SecOps LLC,CYGNET-CLASSICAL-L1-ROOT | Sanctum SecOps LLC,id-MLDSA87-RSA3072,L5,BRIDGE,CYGNET-APEX-L5-BRIDGE,1.3.6.1.4.1.65953.2.6,Sanctum SecOps LLC,Hardware-bound PIV | PEN 1.3.6.1.4.1.65953
sanctum_cygnet_client_mldsa87-rsa3072_01.der,CYGNET-APEX-L5-CLI | Sanctum SecOps LLC,CYGNET-CLASSICAL-L1-ROOT | Sanctum SecOps LLC,id-MLDSA87-RSA3072,L5,CLI,CYGNET-APEX-L5-CLI,1.3.6.1.4.1.65953.2.6,Sanctum SecOps LLC,Hardware-bound PIV | PEN 1.3.6.1.4.1.65953
sanctum_cygnet_issuingca_mldsa87-rsa3072_01.der,CYGNET-APEX-L5-ISCA | Sanctum SecOps LLC,CYGNET-CLASSICAL-L1-ROOT | Sanctum SecOps LLC,id-MLDSA87-RSA3072,L5,ISCA,CYGNET-APEX-L5-ISCA,1.3.6.1.4.1.65953.2.6,Sanctum SecOps LLC,Hardware-bound PIV | PEN 1.3.6.1.4.1.65953
sanctum_cygnet_ocsp_mldsa87-rsa3072_01.der,CYGNET-APEX-L5-OCSP | Sanctum SecOps LLC,CYGNET-CLASSICAL-L1-ROOT | Sanctum SecOps LLC,id-MLDSA87-RSA3072,L5,OCSP,CYGNET-APEX-L5-OCSP,1.3.6.1.4.1.65953.2.6,Sanctum SecOps LLC,Hardware-bound PIV | PEN 1.3.6.1.4.1.65953
sanctum_cygnet_rootca_mldsa87-rsa3072_01.der,CYGNET-APEX-L5-ROOT | Sanctum SecOps LLC,CYGNET-CLASSICAL-L1-ROOT | Sanctum SecOps LLC,id-MLDSA87-RSA3072,L5,ROOT,CYGNET-APEX-L5-ROOT,1.3.6.1.4.1.65953.2.6,Sanctum SecOps LLC,Hardware-bound PIV | PEN 1.3.6.1.4.1.65953
sanctum_cygnet_sign_mldsa87-rsa3072_01.der,CYGNET-APEX-L5-SIGN | Sanctum SecOps LLC,CYGNET-CLASSICAL-L1-ROOT | Sanctum SecOps LLC,id-MLDSA87-RSA3072,L5,SIGN,CYGNET-APEX-L5-SIGN,1.3.6.1.4.1.65953.2.6,Sanctum SecOps LLC,Hardware-bound PIV | PEN 1.3.6.1.4.1.65953
sanctum_cygnet_tls_mldsa87-rsa3072_01.der,CYGNET-APEX-L5-TLS | Sanctum SecOps LLC,CYGNET-CLASSICAL-L1-ROOT | Sanctum SecOps LLC,id-MLDSA87-RSA3072,L5,TLS,CYGNET-APEX-L5-TLS,1.3.6.1.4.1.65953.2.6,Sanctum SecOps LLC,Hardware-bound PIV | PEN 1.3.6.1.4.1.65953
sanctum_cygnet_attest_slhdsa128s-p256_01.der,CYGNET-SOVEREIGN-SLH-L3-ATTEST | Sanctum SecOps LLC,CYGNET-CLASSICAL-L1-ROOT | Sanctum SecOps LLC,id-SLHDSA-SHA2-128s-ECDSA-P256,SLH,ATTEST,CYGNET-SOVEREIGN-SLH-L3-ATTEST,1.3.6.1.4.1.65953.2.6,Sanctum SecOps LLC,Hardware-bound PIV | PEN 1.3.6.1.4.1.65953
sanctum_cygnet_bridge_slhdsa128s-p256_01.der,CYGNET-SOVEREIGN-SLH-L3-BRIDGE | Sanctum SecOps LLC,CYGNET-CLASSICAL-L1-ROOT | Sanctum SecOps LLC,id-SLHDSA-SHA2-128s-ECDSA-P256,SLH,BRIDGE,CYGNET-SOVEREIGN-SLH-L3-BRIDGE,1.3.6.1.4.1.65953.2.6,Sanctum SecOps LLC,Hardware-bound PIV | PEN 1.3.6.1.4.1.65953
sanctum_cygnet_client_slhdsa128s-p256_01.der,CYGNET-SOVEREIGN-SLH-L3-CLI | Sanctum SecOps LLC,CYGNET-CLASSICAL-L1-ROOT | Sanctum SecOps LLC,id-SLHDSA-SHA2-128s-ECDSA-P256,SLH,CLI,CYGNET-SOVEREIGN-SLH-L3-CLI,1.3.6.1.4.1.65953.2.6,Sanctum SecOps LLC,Hardware-bound PIV | PEN 1.3.6.1.4.1.65953
sanctum_cygnet_issuingca_slhdsa128s-p256_01.der,CYGNET-SOVEREIGN-SLH-L3-ISCA | Sanctum SecOps LLC,CYGNET-CLASSICAL-L1-ROOT | Sanctum SecOps LLC,id-SLHDSA-SHA2-128s-ECDSA-P256,SLH,ISCA,CYGNET-SOVEREIGN-SLH-L3-ISCA,1.3.6.1.4.1.65953.2.6,Sanctum SecOps LLC,Hardware-bound PIV | PEN 1.3.6.1.4.1.65953
sanctum_cygnet_ocsp_slhdsa128s-p256_01.der,CYGNET-SOVEREIGN-SLH-L3-OCSP | Sanctum SecOps LLC,CYGNET-CLASSICAL-L1-ROOT | Sanctum SecOps LLC,id-SLHDSA-SHA2-128s-ECDSA-P256,SLH,OCSP,CYGNET-SOVEREIGN-SLH-L3-OCSP,1.3.6.1.4.1.65953.2.6,Sanctum SecOps LLC,Hardware-bound PIV | PEN 1.3.6.1.4.1.65953
sanctum_cygnet_rootca_slhdsa128s-p256_01.der,CYGNET-SOVEREIGN-SLH-L3-ROOT | Sanctum SecOps LLC,CYGNET-CLASSICAL-L1-ROOT | Sanctum SecOps LLC,id-SLHDSA-SHA2-128s-ECDSA-P256,SLH,ROOT,CYGNET-SOVEREIGN-SLH-L3-ROOT,1.3.6.1.4.1.65953.2.6,Sanctum SecOps LLC,Hardware-bound PIV | PEN 1.3.6.1.4.1.65953
sanctum_cygnet_sign_slhdsa128s-p256_01.der,CYGNET-SOVEREIGN-SLH-L3-SIGN | Sanctum SecOps LLC,CYGNET-CLASSICAL-L1-ROOT | Sanctum SecOps LLC,id-SLHDSA-SHA2-128s-ECDSA-P256,SLH,SIGN,CYGNET-SOVEREIGN-SLH-L3-SIGN,1.3.6.1.4.1.65953.2.6,Sanctum SecOps LLC,Hardware-bound PIV | PEN 1.3.6.1.4.1.65953
sanctum_cygnet_tls_slhdsa128s-p256_01.der,CYGNET-SOVEREIGN-SLH-L3-TLS | Sanctum SecOps LLC,CYGNET-CLASSICAL-L1-ROOT | Sanctum SecOps LLC,id-SLHDSA-SHA2-128s-ECDSA-P256,SLH,TLS,CYGNET-SOVEREIGN-SLH-L3-TLS,1.3.6.1.4.1.65953.2.6,Sanctum SecOps LLC,Hardware-bound PIV | PEN 1.3.6.1.4.1.65953
sanctum_cygnet_attest_slhdsa256s-p384_01.der,CYGNET-APEX-SLH-L5-ATTEST | Sanctum SecOps LLC,CYGNET-CLASSICAL-L1-ROOT | Sanctum SecOps LLC,id-SLHDSA-SHA2-256s-ECDSA-P384,SLH,ATTEST,CYGNET-APEX-SLH-L5-ATTEST,1.3.6.1.4.1.65953.2.6,Sanctum SecOps LLC,Hardware-bound PIV | PEN 1.3.6.1.4.1.65953
sanctum_cygnet_bridge_slhdsa256s-p384_01.der,CYGNET-APEX-SLH-L5-BRIDGE | Sanctum SecOps LLC,CYGNET-CLASSICAL-L1-ROOT | Sanctum SecOps LLC,id-SLHDSA-SHA2-256s-ECDSA-P384,SLH,BRIDGE,CYGNET-APEX-SLH-L5-BRIDGE,1.3.6.1.4.1.65953.2.6,Sanctum SecOps LLC,Hardware-bound PIV | PEN 1.3.6.1.4.1.65953
sanctum_cygnet_client_slhdsa256s-p384_01.der,CYGNET-APEX-SLH-L5-CLI | Sanctum SecOps LLC,CYGNET-CLASSICAL-L1-ROOT | Sanctum SecOps LLC,id-SLHDSA-SHA2-256s-ECDSA-P384,SLH,CLI,CYGNET-APEX-SLH-L5-CLI,1.3.6.1.4.1.65953.2.6,Sanctum SecOps LLC,Hardware-bound PIV | PEN 1.3.6.1.4.1.65953
sanctum_cygnet_issuingca_slhdsa256s-p384_01.der,CYGNET-APEX-SLH-L5-ISCA | Sanctum SecOps LLC,CYGNET-CLASSICAL-L1-ROOT | Sanctum SecOps LLC,id-SLHDSA-SHA2-256s-ECDSA-P384,SLH,ISCA,CYGNET-APEX-SLH-L5-ISCA,1.3.6.1.4.1.65953.2.6,Sanctum SecOps LLC,Hardware-bound PIV | PEN 1.3.6.1.4.1.65953
sanctum_cygnet_ocsp_slhdsa256s-p384_01.der,CYGNET-APEX-SLH-L5-OCSP | Sanctum SecOps LLC,CYGNET-CLASSICAL-L1-ROOT | Sanctum SecOps LLC,id-SLHDSA-SHA2-256s-ECDSA-P384,SLH,OCSP,CYGNET-APEX-SLH-L5-OCSP,1.3.6.1.4.1.65953.2.6,Sanctum SecOps LLC,Hardware-bound PIV | PEN 1.3.6.1.4.1.65953
sanctum_cygnet_rootca_slhdsa256s-p384_01.der,CYGNET-APEX-SLH-L5-ROOT | Sanctum SecOps LLC,CYGNET-CLASSICAL-L1-ROOT | Sanctum SecOps LLC,id-SLHDSA-SHA2-256s-ECDSA-P384,SLH,ROOT,CYGNET-APEX-SLH-L5-ROOT,1.3.6.1.4.1.65953.2.6,Sanctum SecOps LLC,Hardware-bound PIV | PEN 1.3.6.1.4.1.65953
sanctum_cygnet_sign_slhdsa256s-p384_01.der,CYGNET-APEX-SLH-L5-SIGN | Sanctum SecOps LLC,CYGNET-CLASSICAL-L1-ROOT | Sanctum SecOps LLC,id-SLHDSA-SHA2-256s-ECDSA-P384,SLH,SIGN,CYGNET-APEX-SLH-L5-SIGN,1.3.6.1.4.1.65953.2.6,Sanctum SecOps LLC,Hardware-bound PIV | PEN 1.3.6.1.4.1.65953
sanctum_cygnet_tls_slhdsa256s-p384_01.der,CYGNET-APEX-SLH-L5-TLS | Sanctum SecOps LLC,CYGNET-CLASSICAL-L1-ROOT | Sanctum SecOps LLC,id-SLHDSA-SHA2-256s-ECDSA-P384,SLH,TLS,CYGNET-APEX-SLH-L5-TLS,1.3.6.1.4.1.65953.2.6,Sanctum SecOps LLC,Hardware-bound PIV | PEN 1.3.6.1.4.1.65953
sanctum_cygnet_attest_hybrid_ecdsa-mldsa65_01.der,CYGNET-SENTINEL-L4-ATTEST | Sanctum SecOps LLC,CYGNET-CLASSICAL-L1-ROOT | Sanctum SecOps LLC,id-ECDSA-P256-MLDSA65,L4,ATTEST,CYGNET-SENTINEL-L4-ATTEST,1.3.6.1.4.1.65953.2.6,Sanctum SecOps LLC,Hardware-bound PIV | PEN 1.3.6.1.4.1.65953
sanctum_cygnet_bridge_hybrid_ecdsa-mldsa65_01.der,CYGNET-SENTINEL-L4-BRIDGE | Sanctum SecOps LLC,CYGNET-CLASSICAL-L1-ROOT | Sanctum SecOps LLC,id-ECDSA-P256-MLDSA65,L4,BRIDGE,CYGNET-SENTINEL-L4-BRIDGE,1.3.6.1.4.1.65953.2.6,Sanctum SecOps LLC,Hardware-bound PIV | PEN 1.3.6.1.4.1.65953
sanctum_cygnet_client_hybrid_ecdsa-mldsa65_01.der,CYGNET-SENTINEL-L4-CLI | Sanctum SecOps LLC,CYGNET-CLASSICAL-L1-ROOT | Sanctum SecOps LLC,id-ECDSA-P256-MLDSA65,L4,CLI,CYGNET-SENTINEL-L4-CLI,1.3.6.1.4.1.65953.2.6,Sanctum SecOps LLC,Hardware-bound PIV | PEN 1.3.6.1.4.1.65953
sanctum_cygnet_issuingca_hybrid_ecdsa-mldsa65_01.der,CYGNET-SENTINEL-L4-ISCA | Sanctum SecOps LLC,CYGNET-CLASSICAL-L1-ROOT | Sanctum SecOps LLC,id-ECDSA-P256-MLDSA65,L4,ISCA,CYGNET-SENTINEL-L4-ISCA,1.3.6.1.4.1.65953.2.6,Sanctum SecOps LLC,Hardware-bound PIV | PEN 1.3.6.1.4.1.65953
sanctum_cygnet_ocsp_hybrid_ecdsa-mldsa65_01.der,CYGNET-SENTINEL-L4-OCSP | Sanctum SecOps LLC,CYGNET-CLASSICAL-L1-ROOT | Sanctum SecOps LLC,id-ECDSA-P256-MLDSA65,L4,OCSP,CYGNET-SENTINEL-L4-OCSP,1.3.6.1.4.1.65953.2.6,Sanctum SecOps LLC,Hardware-bound PIV | PEN 1.3.6.1.4.1.65953
sanctum_cygnet_rootca_hybrid_ecdsa-mldsa65_01.der,CYGNET-SENTINEL-L4-ROOT | Sanctum SecOps LLC,CYGNET-CLASSICAL-L1-ROOT | Sanctum SecOps LLC,id-ECDSA-P256-MLDSA65,L4,ROOT,CYGNET-SENTINEL-L4-ROOT,1.3.6.1.4.1.65953.2.6,Sanctum SecOps LLC,Hardware-bound PIV | PEN 1.3.6.1.4.1.65953
sanctum_cygnet_sign_hybrid_ecdsa-mldsa65_01.der,CYGNET-SENTINEL-L4-SIGN | Sanctum SecOps LLC,CYGNET-CLASSICAL-L1-ROOT | Sanctum SecOps LLC,id-ECDSA-P256-MLDSA65,L4,SIGN,CYGNET-SENTINEL-L4-SIGN,1.3.6.1.4.1.65953.2.6,Sanctum SecOps LLC,Hardware-bound PIV | PEN 1.3.6.1.4.1.65953
sanctum_cygnet_tls_hybrid_ecdsa-mldsa65_01.der,CYGNET-SENTINEL-L4-TLS | Sanctum SecOps LLC,CYGNET-CLASSICAL-L1-ROOT | Sanctum SecOps LLC,id-ECDSA-P256-MLDSA65,L4,TLS,CYGNET-SENTINEL-L4-TLS,1.3.6.1.4.1.65953.2.6,Sanctum SecOps LLC,Hardware-bound PIV | PEN 1.3.6.1.4.1.65953
sanctum_cygnet_attest_pqc_mldsa65_01.der,CYGNET-SENTINEL-L4-ATTEST | Sanctum SecOps LLC,CYGNET-CLASSICAL-L1-ROOT | Sanctum SecOps LLC,id-MLDSA65,L4,ATTEST,CYGNET-SENTINEL-L4-ATTEST,1.3.6.1.4.1.65953.2.6,Sanctum SecOps LLC,Hardware-bound PIV | PEN 1.3.6.1.4.1.65953
sanctum_cygnet_attest_pqc_mldsa87_01.der,CYGNET-APEX-L5-ATTEST | Sanctum SecOps LLC,CYGNET-CLASSICAL-L1-ROOT | Sanctum SecOps LLC,id-MLDSA87,L5,ATTEST,CYGNET-APEX-L5-ATTEST,1.3.6.1.4.1.65953.2.6,Sanctum SecOps LLC,Hardware-bound PIV | PEN 1.3.6.1.4.1.65953
sanctum_cygnet_attest_pqc_slhdsa256s_01.der,CYGNET-APEX-SLH-L5-ATTEST | Sanctum SecOps LLC,CYGNET-CLASSICAL-L1-ROOT | Sanctum SecOps LLC,id-SLHDSA-SHA2-256s,SLH,ATTEST,CYGNET-APEX-SLH-L5-ATTEST,1.3.6.1.4.1.65953.2.6,Sanctum SecOps LLC,Hardware-bound PIV | PEN 1.3.6.1.4.1.65953
sanctum_cygnet_bridge_pqc_mldsa65_01.der,CYGNET-SENTINEL-L4-BRIDGE | Sanctum SecOps LLC,CYGNET-CLASSICAL-L1-ROOT | Sanctum SecOps LLC,id-MLDSA65,L4,BRIDGE,CYGNET-SENTINEL-L4-BRIDGE,1.3.6.1.4.1.65953.2.6,Sanctum SecOps LLC,Hardware-bound PIV | PEN 1.3.6.1.4.1.65953
sanctum_cygnet_bridge_pqc_mldsa87_01.der,CYGNET-APEX-L5-BRIDGE | Sanctum SecOps LLC,CYGNET-CLASSICAL-L1-ROOT | Sanctum SecOps LLC,id-MLDSA87,L5,BRIDGE,CYGNET-APEX-L5-BRIDGE,1.3.6.1.4.1.65953.2.6,Sanctum SecOps LLC,Hardware-bound PIV | PEN 1.3.6.1.4.1.65953
sanctum_cygnet_bridge_pqc_slhdsa256s_01.der,CYGNET-APEX-SLH-L5-BRIDGE | Sanctum SecOps LLC,CYGNET-CLASSICAL-L1-ROOT | Sanctum SecOps LLC,id-SLHDSA-SHA2-256s,SLH,BRIDGE,CYGNET-APEX-SLH-L5-BRIDGE,1.3.6.1.4.1.65953.2.6,Sanctum SecOps LLC,Hardware-bound PIV | PEN 1.3.6.1.4.1.65953
sanctum_cygnet_client_pqc_mldsa65_01.der,CYGNET-SENTINEL-L4-CLI | Sanctum SecOps LLC,CYGNET-CLASSICAL-L1-ROOT | Sanctum SecOps LLC,id-MLDSA65,L4,CLI,CYGNET-SENTINEL-L4-CLI,1.3.6.1.4.1.65953.2.6,Sanctum SecOps LLC,Hardware-bound PIV | PEN 1.3.6.1.4.1.65953
sanctum_cygnet_client_pqc_mldsa87_01.der,CYGNET-APEX-L5-CLI | Sanctum SecOps LLC,CYGNET-CLASSICAL-L1-ROOT | Sanctum SecOps LLC,id-MLDSA87,L5,CLI,CYGNET-APEX-L5-CLI,1.3.6.1.4.1.65953.2.6,Sanctum SecOps LLC,Hardware-bound PIV | PEN 1.3.6.1.4.1.65953
sanctum_cygnet_client_pqc_slhdsa256s_01.der,CYGNET-APEX-SLH-L5-CLI | Sanctum SecOps LLC,CYGNET-CLASSICAL-L1-ROOT | Sanctum SecOps LLC,id-SLHDSA-SHA2-256s,SLH,CLI,CYGNET-APEX-SLH-L5-CLI,1.3.6.1.4.1.65953.2.6,Sanctum SecOps LLC,Hardware-bound PIV | PEN 1.3.6.1.4.1.65953
sanctum_cygnet_issuingca_pqc_mldsa65_01.der,CYGNET-SENTINEL-L4-ISCA | Sanctum SecOps LLC,CYGNET-CLASSICAL-L1-ROOT | Sanctum SecOps LLC,id-MLDSA65,L4,ISCA,CYGNET-SENTINEL-L4-ISCA,1.3.6.1.4.1.65953.2.6,Sanctum SecOps LLC,Hardware-bound PIV | PEN 1.3.6.1.4.1.65953
sanctum_cygnet_issuingca_pqc_mldsa87_01.der,CYGNET-APEX-L5-ISCA | Sanctum SecOps LLC,CYGNET-CLASSICAL-L1-ROOT | Sanctum SecOps LLC,id-MLDSA87,L5,ISCA,CYGNET-APEX-L5-ISCA,1.3.6.1.4.1.65953.2.6,Sanctum SecOps LLC,Hardware-bound PIV | PEN 1.3.6.1.4.1.65953
sanctum_cygnet_issuingca_pqc_slhdsa256s_01.der,CYGNET-APEX-SLH-L5-ISCA | Sanctum SecOps LLC,CYGNET-CLASSICAL-L1-ROOT | Sanctum SecOps LLC,id-SLHDSA-SHA2-256s,SLH,ISCA,CYGNET-APEX-SLH-L5-ISCA,1.3.6.1.4.1.65953.2.6,Sanctum SecOps LLC,Hardware-bound PIV | PEN 1.3.6.1.4.1.65953
sanctum_cygnet_ocsp_pqc_mldsa65_01.der,CYGNET-SENTINEL-L4-OCSP | Sanctum SecOps LLC,CYGNET-CLASSICAL-L1-ROOT | Sanctum SecOps LLC,id-MLDSA65,L4,OCSP,CYGNET-SENTINEL-L4-OCSP,1.3.6.1.4.1.65953.2.6,Sanctum SecOps LLC,Hardware-bound PIV | PEN 1.3.6.1.4.1.65953
sanctum_cygnet_ocsp_pqc_mldsa87_01.der,CYGNET-APEX-L5-OCSP | Sanctum SecOps LLC,CYGNET-CLASSICAL-L1-ROOT | Sanctum SecOps LLC,id-MLDSA87,L5,OCSP,CYGNET-APEX-L5-OCSP,1.3.6.1.4.1.65953.2.6,Sanctum SecOps LLC,Hardware-bound PIV | PEN 1.3.6.1.4.1.65953
sanctum_cygnet_ocsp_pqc_slhdsa256s_01.der,CYGNET-APEX-SLH-L5-OCSP | Sanctum SecOps LLC,CYGNET-CLASSICAL-L1-ROOT | Sanctum SecOps LLC,id-SLHDSA-SHA2-256s,SLH,OCSP,CYGNET-APEX-SLH-L5-OCSP,1.3.6.1.4.1.65953.2.6,Sanctum SecOps LLC,Hardware-bound PIV | PEN 1.3.6.1.4.1.65953
sanctum_cygnet_rootca_pqc_mldsa65_01.der,CYGNET-SENTINEL-L4-ROOT | Sanctum SecOps LLC,CYGNET-CLASSICAL-L1-ROOT | Sanctum SecOps LLC,id-MLDSA65,L4,ROOT,CYGNET-SENTINEL-L4-ROOT,1.3.6.1.4.1.65953.2.6,Sanctum SecOps LLC,Hardware-bound PIV | PEN 1.3.6.1.4.1.65953
sanctum_cygnet_rootca_pqc_mldsa87_01.der,CYGNET-APEX-L5-ROOT | Sanctum SecOps LLC,CYGNET-CLASSICAL-L1-ROOT | Sanctum SecOps LLC,id-MLDSA87,L5,ROOT,CYGNET-APEX-L5-ROOT,1.3.6.1.4.1.65953.2.6,Sanctum SecOps LLC,Hardware-bound PIV | PEN 1.3.6.1.4.1.65953
sanctum_cygnet_rootca_pqc_slhdsa256s_01.der,CYGNET-APEX-SLH-L5-ROOT | Sanctum SecOps LLC,CYGNET-CLASSICAL-L1-ROOT | Sanctum SecOps LLC,id-SLHDSA-SHA2-256s,SLH,ROOT,CYGNET-APEX-SLH-L5-ROOT,1.3.6.1.4.1.65953.2.6,Sanctum SecOps LLC,Hardware-bound PIV | PEN 1.3.6.1.4.1.65953
sanctum_cygnet_scep_pqc_mldsa65_01.der,CYGNET-SENTINEL-L4-SCEP | Sanctum SecOps LLC,CYGNET-CLASSICAL-L1-ROOT | Sanctum SecOps LLC,id-MLDSA65,L4,SCEP,CYGNET-SENTINEL-L4-SCEP,1.3.6.1.4.1.65953.2.6,Sanctum SecOps LLC,Hardware-bound PIV | PEN 1.3.6.1.4.1.65953
sanctum_cygnet_scep_pqc_mldsa87_01.der,CYGNET-APEX-L5-SCEP | Sanctum SecOps LLC,CYGNET-CLASSICAL-L1-ROOT | Sanctum SecOps LLC,id-MLDSA87,L5,SCEP,CYGNET-APEX-L5-SCEP,1.3.6.1.4.1.65953.2.6,Sanctum SecOps LLC,Hardware-bound PIV | PEN 1.3.6.1.4.1.65953
sanctum_cygnet_scep_pqc_slhdsa256s_01.der,CYGNET-APEX-SLH-L5-SCEP | Sanctum SecOps LLC,CYGNET-CLASSICAL-L1-ROOT | Sanctum SecOps LLC,id-SLHDSA-SHA2-256s,SLH,SCEP,CYGNET-APEX-SLH-L5-SCEP,1.3.6.1.4.1.65953.2.6,Sanctum SecOps LLC,Hardware-bound PIV | PEN 1.3.6.1.4.1.65953
sanctum_cygnet_sign_pqc_mldsa65_01.der,CYGNET-SENTINEL-L4-SIGN | Sanctum SecOps LLC,CYGNET-CLASSICAL-L1-ROOT | Sanctum SecOps LLC,id-MLDSA65,L4,SIGN,CYGNET-SENTINEL-L4-SIGN,1.3.6.1.4.1.65953.2.6,Sanctum SecOps LLC,Hardware-bound PIV | PEN 1.3.6.1.4.1.65953
sanctum_cygnet_sign_pqc_mldsa87_01.der,CYGNET-APEX-L5-SIGN | Sanctum SecOps LLC,CYGNET-CLASSICAL-L1-ROOT | Sanctum SecOps LLC,id-MLDSA87,L5,SIGN,CYGNET-APEX-L5-SIGN,1.3.6.1.4.1.65953.2.6,Sanctum SecOps LLC,Hardware-bound PIV | PEN 1.3.6.1.4.1.65953
sanctum_cygnet_sign_pqc_slhdsa256s_01.der,CYGNET-APEX-SLH-L5-SIGN | Sanctum SecOps LLC,CYGNET-CLASSICAL-L1-ROOT | Sanctum SecOps LLC,id-SLHDSA-SHA2-256s,SLH,SIGN,CYGNET-APEX-SLH-L5-SIGN,1.3.6.1.4.1.65953.2.6,Sanctum SecOps LLC,Hardware-bound PIV | PEN 1.3.6.1.4.1.65953
sanctum_cygnet_tls_pqc_mldsa65_01.der,CYGNET-SENTINEL-L4-TLS | Sanctum SecOps LLC,CYGNET-CLASSICAL-L1-ROOT | Sanctum SecOps LLC,id-MLDSA65,L4,TLS,CYGNET-SENTINEL-L4-TLS,1.3.6.1.4.1.65953.2.6,Sanctum SecOps LLC,Hardware-bound PIV | PEN 1.3.6.1.4.1.65953
sanctum_cygnet_tls_pqc_mldsa87_01.der,CYGNET-APEX-L5-TLS | Sanctum SecOps LLC,CYGNET-CLASSICAL-L1-ROOT | Sanctum SecOps LLC,id-MLDSA87,L5,TLS,CYGNET-APEX-L5-TLS,1.3.6.1.4.1.65953.2.6,Sanctum SecOps LLC,Hardware-bound PIV | PEN 1.3.6.1.4.1.65953
sanctum_cygnet_tls_pqc_slhdsa256s_01.der,CYGNET-APEX-SLH-L5-TLS | Sanctum SecOps LLC,CYGNET-CLASSICAL-L1-ROOT | Sanctum SecOps LLC,id-SLHDSA-SHA2-256s,SLH,TLS,CYGNET-APEX-SLH-L5-TLS,1.3.6.1.4.1.65953.2.6,Sanctum SecOps LLC,Hardware-bound PIV | PEN 1.3.6.1.4.1.65953
cygnus_fullchain.der,CYGNET-CLASSICAL-L1-CHAIN | Sanctum SecOps LLC,CYGNET-CLASSICAL-L1-ROOT | Sanctum SecOps LLC,ecdsa-with-SHA256,L1,CHAIN,CYGNET-CLASSICAL-L1-CHAIN,1.3.6.1.4.1.65953.2.6,Sanctum SecOps LLC,Hardware-bound PIV | PEN 1.3.6.1.4.1.65953
cygnus_leaf.der,CYGNET-CLASSICAL-L1-TLS | Sanctum SecOps LLC,CYGNET-CLASSICAL-L1-ROOT | Sanctum SecOps LLC,ecdsa-with-SHA256,L1,TLS,CYGNET-CLASSICAL-L1-TLS,1.3.6.1.4.1.65953.2.6,Sanctum SecOps LLC,Hardware-bound PIV | PEN 1.3.6.1.4.1.65953
SanctumIntermediateCA.der,CYGNET-CLASSICAL-L1-ISCA | Sanctum SecOps LLC,CYGNET-CLASSICAL-L1-ROOT | Sanctum SecOps LLC,ecdsa-with-SHA256,L1,ISCA,CYGNET-CLASSICAL-L1-ISCA,1.3.6.1.4.1.65953.2.6,Sanctum SecOps LLC,Hardware-bound PIV | PEN 1.3.6.1.4.1.65953
SanctumRootCA.der,CYGNET-CLASSICAL-L1-ROOT | Sanctum SecOps LLC,CYGNET-CLASSICAL-L1-ROOT | Sanctum SecOps LLC,ecdsa-with-SHA256,L1,ROOT,CYGNET-CLASSICAL-L1-ROOT,1.3.6.1.4.1.65953.2.6,Sanctum SecOps LLC,Hardware-bound PIV | PEN 1.3.6.1.4.1.65953
